-- Insert sample data into PATIENTS table
INSERT INTO PATIENTS (FIRST_NAME, LAST_NAME, DATE_OF_BIRTH, GENDER, PHONE_NUMBER, ADDRESS) 
VALUES ('Ali', 'Hassan', DATE '1985-03-12', 'Male', '0101234567', 'Cairo, Egypt');

INSERT INTO PATIENTS (FIRST_NAME, LAST_NAME, DATE_OF_BIRTH, GENDER, PHONE_NUMBER, ADDRESS) 
VALUES ('Mona', 'Youssef', DATE '1990-07-25', 'Female', '0109876543', 'Giza, Egypt');

INSERT INTO PATIENTS (FIRST_NAME, LAST_NAME, DATE_OF_BIRTH, GENDER, PHONE_NUMBER, ADDRESS) 
VALUES ('Omar', 'Khaled', DATE '1975-11-02', 'Male', '0112233445', 'Alexandria, Egypt');

INSERT INTO PATIENTS (FIRST_NAME, LAST_NAME, DATE_OF_BIRTH, GENDER, PHONE_NUMBER, ADDRESS) 
VALUES ('Sara', 'Mahmoud', DATE '2000-05-18', 'Female', '0123344556', 'Mansoura, Egypt');

INSERT INTO PATIENTS (FIRST_NAME, LAST_NAME, DATE_OF_BIRTH, GENDER, PHONE_NUMBER, ADDRESS) 
VALUES ('Youssef', 'Adel', DATE '1968-09-30', 'Male', '0109988776', 'Tanta, Egypt');

INSERT INTO PATIENTS (FIRST_NAME, LAST_NAME, DATE_OF_BIRTH, GENDER, PHONE_NUMBER, ADDRESS) 
VALUES ('Nader', 'Nabil', DATE '1971-03-16', 'Male', '01005052695', 'Giza, Egypt');

-- Insert sample data into DOCTORS table
INSERT INTO DOCTORS (FIRST_NAME, LAST_NAME, SPECIALIZATION, PHONE_NUMBER, EMAIL) 
VALUES ('Ahmed', 'Fathy', 'Cardiologist', '0102222333', 'ahmed.fathy@hospital.com');

INSERT INTO DOCTORS (FIRST_NAME, LAST_NAME, SPECIALIZATION, PHONE_NUMBER, EMAIL) 
VALUES ('Noura', 'Ibrahim', 'Dermatologist', '0104444555', 'noura.ibrahim@hospital.com');

INSERT INTO DOCTORS (FIRST_NAME, LAST_NAME, SPECIALIZATION, PHONE_NUMBER, EMAIL) 
VALUES ('Karim', 'Ali', 'Orthopedic', '0111111222', 'karim.ali@hospital.com');

INSERT INTO DOCTORS (FIRST_NAME, LAST_NAME, SPECIALIZATION, PHONE_NUMBER, EMAIL) 
VALUES ('Marwan', 'Ayman', 'Orthopedic', '01133344455', 'marwan.ayman@hospital.com');

INSERT INTO DOCTORS (FIRST_NAME, LAST_NAME, SPECIALIZATION, PHONE_NUMBER, EMAIL) 
VALUES ('Laila', 'Mostafa', 'Pediatrician', '0125555666', 'laila.mostafa@hospital.com');

INSERT INTO DOCTORS (FIRST_NAME, LAST_NAME, SPECIALIZATION, PHONE_NUMBER, EMAIL) 
VALUES ('Hany', 'Samir', 'General Practitioner', '0109990000', 'hany.samir@hospital.com');

INSERT INTO DOCTORS (FIRST_NAME, LAST_NAME, SPECIALIZATION, PHONE_NUMBER, EMAIL) 
VALUES ('Mohamed', 'Nabil', 'Dermatologist', '01005153675', 'mohamed.nabil@hospital.com');

-- Insert sample data into APPOINTMENTS table
INSERT INTO APPOINTMENTS (PATIENT_ID, DOCTOR_ID, APPOINTMENT_DATE, STATUS, NOTES)
VALUES (1, 1, DATE '2025-08-20', 'Completed', 'Routine heart check');

INSERT INTO APPOINTMENTS (PATIENT_ID, DOCTOR_ID, APPOINTMENT_DATE, STATUS, NOTES)
VALUES (2, 2, DATE '2025-08-21', 'Scheduled', 'Skin rash treatment');

INSERT INTO APPOINTMENTS (PATIENT_ID, DOCTOR_ID, APPOINTMENT_DATE, STATUS, NOTES)
VALUES (3, 3, DATE '2025-08-15', 'Completed', 'Knee pain follow-up');

INSERT INTO APPOINTMENTS (PATIENT_ID, DOCTOR_ID, APPOINTMENT_DATE, STATUS, NOTES)
VALUES (4, 4, DATE '2025-08-22', 'Scheduled', 'Child vaccination');

INSERT INTO APPOINTMENTS (PATIENT_ID, DOCTOR_ID, APPOINTMENT_DATE, STATUS, NOTES)
VALUES (5, 5, DATE '2025-08-10', 'Completed', 'General health check');

INSERT INTO APPOINTMENTS (PATIENT_ID, DOCTOR_ID, APPOINTMENT_DATE, STATUS, NOTES)
VALUES (6, 6, DATE '2025-08-10', 'Scheduled', 'General health check');

INSERT INTO APPOINTMENTS (PATIENT_ID, DOCTOR_ID, APPOINTMENT_DATE, STATUS, NOTES)
VALUES (2, 3, DATE '2025-08-25', 'Scheduled', 'Orthopedic consultation');

INSERT INTO APPOINTMENTS (PATIENT_ID, DOCTOR_ID, APPOINTMENT_DATE, STATUS, NOTES)
VALUES (3, 2, DATE '2025-08-26', 'Scheduled', 'Skin rash follow-up');

INSERT INTO APPOINTMENTS (PATIENT_ID, DOCTOR_ID, APPOINTMENT_DATE, STATUS, NOTES)
VALUES (4, 5, DATE '2025-08-28', 'Scheduled', 'Pediatric check-up');

-- Insert sample data into TREATMENTS table
INSERT INTO TREATMENTS (APPOINTMENT_ID, TREATMENT_TYPE, DESCRIPTION, COST)
VALUES (1, 'ECG Test', 'Electrocardiogram for heart check', 500);

INSERT INTO TREATMENTS (APPOINTMENT_ID, TREATMENT_TYPE, DESCRIPTION, COST)
VALUES (2, 'Skin Therapy', 'Topical cream application', 300);

INSERT INTO TREATMENTS (APPOINTMENT_ID, TREATMENT_TYPE, DESCRIPTION, COST)
VALUES (3, 'X-Ray', 'Knee joint X-ray', 700);

INSERT INTO TREATMENTS (APPOINTMENT_ID, TREATMENT_TYPE, DESCRIPTION, COST)
VALUES (4, 'Vaccination', 'MMR vaccine dose', 200);

INSERT INTO TREATMENTS (APPOINTMENT_ID, TREATMENT_TYPE, DESCRIPTION, COST)
VALUES (5, 'Blood Test', 'Routine blood work', 250);

INSERT INTO TREATMENTS (APPOINTMENT_ID, TREATMENT_TYPE, DESCRIPTION, COST)
VALUES (2, 'Laser Therapy', 'Advanced skin laser treatment', 2000);

INSERT INTO TREATMENTS (APPOINTMENT_ID, TREATMENT_TYPE, DESCRIPTION, COST)
VALUES (3, 'Surgery', 'Minor knee surgery', 5000);

INSERT INTO TREATMENTS (APPOINTMENT_ID, TREATMENT_TYPE, DESCRIPTION, COST)
VALUES (4, 'Flu Shot', 'Influenza vaccine dose', 150);

INSERT INTO TREATMENTS (APPOINTMENT_ID, TREATMENT_TYPE, DESCRIPTION, COST)
VALUES (5, 'CT Scan', 'Full body CT scan', 3500);

-- Insert sample data into MEDICINES table
INSERT INTO MEDICINES (NAME, MANUFACTURER, PRICE, STOCK_QUANTITY)
VALUES ('Paracetamol', 'PharmaEgypt', 20, 100);

INSERT INTO MEDICINES (NAME, MANUFACTURER, PRICE, STOCK_QUANTITY)
VALUES ('Amoxicillin', 'GlobalPharma', 50, 200);

INSERT INTO MEDICINES (NAME, MANUFACTURER, PRICE, STOCK_QUANTITY)
VALUES ('Vitamin D', 'HealthCorp', 30, 150);

INSERT INTO MEDICINES (NAME, MANUFACTURER, PRICE, STOCK_QUANTITY)
VALUES ('Ibuprofen', 'MedLife', 40, 120);

INSERT INTO MEDICINES (NAME, MANUFACTURER, PRICE, STOCK_QUANTITY)
VALUES ('Insulin', 'BioMed', 150, 80);

-- Insert sample data into PRESCRIPTIONS table
INSERT INTO PRESCRIPTIONS (APPOINTMENT_ID, MEDICINE_ID, QUANTITY, DOSAGE)
VALUES (1, 1, 2, '500mg twice daily');

INSERT INTO PRESCRIPTIONS (APPOINTMENT_ID, MEDICINE_ID, QUANTITY, DOSAGE)
VALUES (2, 4, 1, '200mg once daily');

INSERT INTO PRESCRIPTIONS (APPOINTMENT_ID, MEDICINE_ID, QUANTITY, DOSAGE)
VALUES (3, 2, 1, '500mg three times daily');

INSERT INTO PRESCRIPTIONS (APPOINTMENT_ID, MEDICINE_ID, QUANTITY, DOSAGE)
VALUES (4, 3, 1, '1 tablet once daily');

INSERT INTO PRESCRIPTIONS (APPOINTMENT_ID, MEDICINE_ID, QUANTITY, DOSAGE)
VALUES (5, 5, 1, 'Inject 10 units daily');

INSERT INTO PRESCRIPTIONS (APPOINTMENT_ID, MEDICINE_ID, QUANTITY, DOSAGE)
VALUES (2, 1, 1, '500mg once daily');

INSERT INTO PRESCRIPTIONS (APPOINTMENT_ID, MEDICINE_ID, QUANTITY, DOSAGE)
VALUES (3, 1, 2, '500mg twice daily');

INSERT INTO PRESCRIPTIONS (APPOINTMENT_ID, MEDICINE_ID, QUANTITY, DOSAGE)
VALUES (4, 2, 1, '500mg twice daily');

INSERT INTO PRESCRIPTIONS (APPOINTMENT_ID, MEDICINE_ID, QUANTITY, DOSAGE)
VALUES (5, 2, 2, '500mg three times daily');

INSERT INTO PRESCRIPTIONS (APPOINTMENT_ID, MEDICINE_ID, QUANTITY, DOSAGE)
VALUES (1, 3, 1, '1 tablet daily');

INSERT INTO PRESCRIPTIONS (APPOINTMENT_ID, MEDICINE_ID, QUANTITY, DOSAGE)
VALUES (2, 4, 2, '400mg twice daily');

INSERT INTO PRESCRIPTIONS (APPOINTMENT_ID, MEDICINE_ID, QUANTITY, DOSAGE)
VALUES (3, 4, 1, '400mg once daily');

-- Insert sample data into BILLS table
INSERT INTO BILLS (APPOINTMENT_ID, TOTAL_AMOUNT, PAYMENT_STATUS, PAYMENT_DATE)
VALUES (1, 500, 'Paid', DATE '2025-08-20');

INSERT INTO BILLS (APPOINTMENT_ID, TOTAL_AMOUNT, PAYMENT_STATUS, PAYMENT_DATE)
VALUES (2, 300, 'Pending', NULL);

INSERT INTO BILLS (APPOINTMENT_ID, TOTAL_AMOUNT, PAYMENT_STATUS, PAYMENT_DATE)
VALUES (3, 700, 'Paid', DATE '2025-08-15');

INSERT INTO BILLS (APPOINTMENT_ID, TOTAL_AMOUNT, PAYMENT_STATUS, PAYMENT_DATE)
VALUES (4, 200, 'Unpaid', NULL);

INSERT INTO BILLS (APPOINTMENT_ID, TOTAL_AMOUNT, PAYMENT_STATUS, PAYMENT_DATE)
VALUES (5, 250, 'Paid', DATE '2025-08-10');